participant_id	group	race	gender	age	years_education	$bracket	approximate_duration_in_weeks	origin	rs2239393	rs4818	rs165599	rs4680	rs740623	rs4633	rs5993882	rs4646312	rs6269	rs2075507	rs1544325	rs4274224	rs4581480	rs1076560	rs6295	rs12584920	rs6311	rs17289394	rs12654778	rs1042713	rs1799971	rs569356	rs678849	rs6090453	rs4334545	rs324419	rs2295633	rs6265	rs16147
sub-001	subacute	6	M	27	16	3	15	4	AG	CG	AA	AG	AA	CT	TT	CT	AG	GG	AA	GG	TT	CC	CC	GT	CC	AA	AG	AG	AA	TT	TT	CG	CT	CC	GG	CC	CT
sub-002	subacute	6	M	57	15	4	6.5	2	GG	GG	AA	GG	TT	CC	GT	CC	GG	AG	AG	GG	CT	CC	CG	GG	TT	GG	GG	GG	AA	TT	CT	CC	CT	CC	GG	CC	CT
sub-003	subacute	4	F	49	12	3	4	1	AA	CC	AG	GG	AT	CC	GT	TT	AA	AG	AG	AA	TT	CC	CG	GG	CT	AG	AG	AG	AA	TT	CC	CC	CT	CC	GG	CC	CT
sub-004	subacute	6	F	46	16	3	5	1	AG	CG	AA	AG	AT	CT	GT	CT	AG	AG	AG	GG	TT	CC	CG	GG	TT	GG	AG	AG	AA	heterozygous	CT	CC	CT	CC	GG	CC	CT
sub-005	subacute	3	F	30	20	2	19	7	AG	CG	AG	GG	TT	CC	TT	CT	AG	AA	GG	AG	CT	CC	CC	GT	CT	AG	AG	AG	AA	TT	CC	CC	CC	CT	AG	CC	CC
sub-006	subacute	1	F	28	17	3	12	1	n/a	n/a	n/a	n/a	n/a	n/a	n/a	n/a	n/a	n/a	n/a	n/a	n/a	n/a	n/a	n/a	n/a	n/a	n/a	n/a	n/a	n/a	n/a	n/a	n/a	n/a	n/a	n/a	n/a
sub-007	subacute	6	F	43	12	4	21	2	AA	CC	AA	AA	AT	TT	TT	TT	AA	GG	AA	AG	TT	CC	CC	GT	CT	AG	AG	AG	AA	TT	CT	CG	CT	CC	GG	CC	CC
sub-008	subacute	6	M	44	12	2	13	1	GG	GG	GG	GG	TT	CC	TT	CC	GG	AG	AG	AG	TT	AC	GG	GG	CT	GG	AG	AG	AA	TT	CC	GG	CC	CT	AG	CC	TT
sub-009	subacute	6	M	44	12	1	9	1	AA	CC	AA	AA	TT	TT	TT	TT	AA	GG	AA	AA	TT	CC	GG	GG	CT	GG	AA	AA	AA	TT	TT	CG	CC	CC	GG	CT	TT
sub-010	subacute	4	F	44	12	2	18	1	GG	CG	GG	GG	TT	CC	GT	CT	GG	AA	GG	AG	CT	CC	CG	GG	CT	GG	GG	GG	AA	TT	CT	CC	CC	CT	AA	CC	TT
sub-011	subacute	1	M	27	16	3	13	1	AG	CG	AG	AG	TT	CT	TT	CT	AG	GG	AA	AA	TT	CC	CC	GG	CT	AG	GG	GG	AA	TT	CC	CG	CT	CC	AA	CT	CT
sub-012	subacute	6	M	53	18	5	6	1	AA	CC	AG	AA	TT	TT	TT	TT	AA	GG	AA	GG	TT	CC	GG	n/a	CT	AG	GG	GG	AA	TT	CT	CC	TT	CC	AG	CC	CC
sub-013	subacute	6	M	34	16	3	9	1	AG	CG	AG	AG	AT	CT	GT	CT	AG	AG	AG	GG	CT	CC	CG	GG	TT	AG	AA	AA	AA	TT	TT	CC	CT	CT	AG	CT	CC
sub-014	subacute	6	F	57	12	3	11	3	AA	CC	AA	AA	TT	TT	GT	TT	AA	AG	AG	AG	TT	AC	CG	TT	CC	AA	AA	AA	AA	heterozygous	CT	CG	CT	CC	GG	CT	CT
sub-015	subacute	1	F	28	16	2	5	1	AG	CG	AG	AG	TT	CT	GT	CT	AG	AA	GG	AG	TT	CC	GG	GT	CT	AG	GG	GG	AA	heterozygous	CT	CG	CT	CC	AG	CC	CC
sub-016	subacute	3	M	29	19	4	8	1	AA	CC	GG	GG	AT	TT	TT	TT	AA	GG	AA	AG	CT	AC	CG	GG	CT	AG	AG	AG	AG	TT	CT	CG	CC	CC	GG	CT	CT
sub-017	subacute	6	F	62	18	n/a	5	1	AG	CG	AA	AG	TT	CT	GG	CT	AG	AA	GG	AG	TT	CC	GG	GG	CT	AG	AG	AG	AA	TT	TT	CC	CC	CC	GG	CC	CC
sub-018	subacute	6	M	42	20	5	12	2	GG	GG	AA	GG	AT	CC	GT	CC	GG	AA	GG	AG	TT	AC	CG	GG	CT	GG	GG	GG	AA	TT	CC	GG	CC	CC	AG	CC	TT
sub-019	subacute	4	M	52	10	1	7	1	AG	CG	AA	AG	AT	CT	TT	CT	AG	AG	AG	AA	TT	CC	GG	GG	CT	GG	GG	GG	AA	TT	CT	CG	CC	CC	GG	CC	CT
sub-020	subacute	4	M	39	14	4	5	1	GG	CG	GG	GG	AT	CC	GT	CT	GG	AA	GG	GG	CT	CC	CG	GG	CC	AG	GG	GG	AA	TT	CC	CG	CC	CT	AG	CC	CT
sub-021	subacute	6	M	46	14	4	7	1	AA	CC	AA	AA	AT	TT	TT	TT	AA	GG	AA	AA	TT	CC	CG	GT	CT	AG	AG	AG	AG	TT	CT	CG	CT	CC	AG	CC	TT
sub-022	subacute	4	M	46	12	2	13	7	GG	CG	AG	GG	TT	CC	TT	CT	GG	AA	GG	GG	CT	CC	CC	GG	CT	GG	GG	AG	AA	TT	CC	CG	CC	CC	AG	CC	CT
sub-023	subacute	1	M	53	12	2	13	1	AA	CC	AG	AG	AT	CT	GT	TT	AA	AA	GG	AG	TT	CC	CG	GT	CT	AG	GG	GG	AG	TT	CT	CG	CC	CC	AG	CT	TT
sub-024	subacute	1	M	53	12	3	13	1	n/a	n/a	n/a	n/a	n/a	n/a	n/a	n/a	n/a	n/a	n/a	n/a	n/a	n/a	n/a	n/a	n/a	n/a	n/a	n/a	n/a	n/a	n/a	n/a	n/a	n/a	n/a	n/a	n/a
sub-025	subacute	4	F	31	12	1	4	1	AA	CC	GG	AG	TT	CT	GT	TT	AA	AA	GG	GG	CT	AC	GG	GG	TT	GG	AG	AG	AA	TT	CC	CC	CT	CC	AG	CC	TT
sub-026	subacute	6	M	27	16	2	12	7	n/a	n/a	n/a	n/a	n/a	n/a	n/a	n/a	n/a	n/a	n/a	n/a	n/a	n/a	n/a	n/a	n/a	n/a	n/a	n/a	n/a	n/a	n/a	n/a	n/a	n/a	n/a	n/a	n/a
sub-027	subacute	1	M	24	12	3	16	4	AA	CC	AG	AG	AT	CT	TT	TT	AA	AG	AG	GG	CT	CC	CG	GG	CC	GG	GG	GG	AA	TT	CT	CG	CT	CC	AG	TT	CT
sub-028	subacute	4	F	41	14	3	9	1	n/a	n/a	n/a	n/a	n/a	n/a	n/a	n/a	n/a	n/a	n/a	n/a	n/a	n/a	n/a	n/a	n/a	n/a	n/a	n/a	n/a	n/a	n/a	n/a	n/a	n/a	n/a	n/a	n/a
sub-029	subacute	6	F	52	15	2	20	1	n/a	n/a	n/a	n/a	n/a	n/a	n/a	n/a	n/a	n/a	n/a	n/a	n/a	n/a	n/a	n/a	n/a	n/a	n/a	n/a	n/a	n/a	n/a	n/a	n/a	n/a	n/a	n/a	n/a
sub-030	subacute	6	F	49	13	3	5	1	AA	CC	AG	AG	AT	CT	GT	TT	AA	AG	AG	AG	CT	CC	GG	GG	CC	AA	AG	n/a	AA	TT	CT	CG	CC	CC	AG	CC	CT
sub-031	subacute	4	M	45	14	2	6	1	AA	CC	AG	AA	TT	TT	GT	TT	AA	AG	AG	AG	TT	CC	CC	GG	CC	AG	AG	AA	AA	TT	CC	CG	CC	CT	AG	CC	TT
sub-032	subacute	4	M	25	16	3	14	2	AG	CG	GG	GG	TT	CC	GT	CT	AG	AA	GG	GG	CT	CC	CG	GG	CC	GG	AG	AG	AA	TT	CT	CC	CC	CC	AA	CC	TT
sub-033	subacute	1	F	33	16	2	9	1	AA	CC	AG	AG	AT	CT	TT	TT	AA	AG	AG	AG	CT	AA	CG	GG	CT	GG	GG	GG	AG	TT	CC	GG	CC	CC	AA	CC	CT
sub-034	subacute	6	F	31	16	3	8	1	n/a	n/a	n/a	n/a	n/a	n/a	n/a	n/a	n/a	n/a	n/a	n/a	n/a	n/a	n/a	n/a	n/a	n/a	n/a	n/a	n/a	n/a	n/a	n/a	n/a	n/a	n/a	n/a	n/a
sub-035	subacute	4	F	49	18	3	13	1	n/a	n/a	n/a	n/a	n/a	n/a	n/a	n/a	n/a	n/a	n/a	n/a	n/a	n/a	n/a	n/a	n/a	n/a	n/a	n/a	n/a	n/a	n/a	n/a	n/a	n/a	n/a	n/a	n/a
sub-036	subacute	4	F	38	13	2	12	1	AG	CG	AG	AG	TT	CT	TT	TT	AA	AG	AG	AG	CT	CC	CG	GG	CC	AG	GG	AG	AA	TT	CC	CC	CC	CT	AG	CC	TT
sub-037	subacute	6	F	47	16	2	9	2	n/a	n/a	n/a	n/a	n/a	n/a	n/a	n/a	n/a	n/a	n/a	n/a	n/a	n/a	n/a	n/a	n/a	n/a	n/a	n/a	n/a	n/a	n/a	n/a	n/a	n/a	n/a	n/a	n/a
sub-038	subacute	6	M	57	17	6	6	1	AG	CG	AA	AG	TT	CT	TT	CT	AG	AG	AG	GG	CT	CC	CG	GG	CT	AG	GG	GG	AG	TT	TT	CG	CC	CT	AA	CC	CT
sub-039	subacute	6	M	44	14	3	8	2	GG	GG	AA	GG	AT	CC	TT	CC	GG	AG	AG	AA	TT	AC	CG	GG	TT	GG	GG	GG	AA	TT	TT	CG	CT	CC	GG	CC	CC
sub-040	subacute	6	F	27	18	4	10	1	AA	CC	AG	AG	TT	CT	GT	TT	AA	AG	AG	AG	TT	CC	CG	GG	TT	GG	AA	AA	AG	TT	TT	CG	CC	CC	AG	CT	TT
sub-041	subacute	1	F	40	14.5	1	10	7	AG	CG	AG	GG	AT	CC	GT	CT	AG	AG	AG	GG	TT	CC	CG	GT	CC	AA	GG	AG	AA	TT	CT	CC	CC	CC	AA	CT	CT
sub-042	subacute	6	F	56	14	2	8	1	n/a	n/a	n/a	n/a	n/a	n/a	n/a	n/a	n/a	n/a	n/a	n/a	n/a	n/a	n/a	n/a	n/a	n/a	n/a	n/a	n/a	n/a	n/a	n/a	n/a	n/a	n/a	n/a	n/a
sub-043	subacute	1 and 3	F	42	13	2	8	3	AG	CG	AG	AG	TT	CT	TT	TT	AA	AG	AG	AG	CT	CC	CC	GG	CC	GG	AG	AG	AA	TT	CT	CC	CT	CT	AG	CC	TT
sub-044	subacute	4	F	44	16	2	4	1	n/a	n/a	n/a	n/a	n/a	n/a	n/a	n/a	n/a	n/a	n/a	n/a	n/a	n/a	n/a	n/a	n/a	n/a	n/a	n/a	n/a	n/a	n/a	n/a	n/a	n/a	n/a	n/a	n/a
sub-045	subacute	4	F	39	13	2	6.5	1	AA	CC	GG	GG	AT	CT	TT	TT	n/a	AG	GG	GG	CT	CC	CC	GG	CT	n/a	AG	AG	AA	heterozygous	CT	GG	CC	CC	AG	CC	CT
sub-046	subacute	4	M	32	11	1	10	1	AG	CG	AG	GG	TT	CT	TT	CT	AG	AG	AG	AG	CT	AC	CG	GG	TT	GG	AA	AA	AA	TT	CT	CC	CC	CC	AA	CC	CT
sub-047	subacute	6	M	22	16	1	6	1	AG	CG	AA	AG	AT	CT	TT	CT	AG	AA	GG	AA	TT	AC	CC	GT	CC	AG	AA	AA	AA	TT	CC	CG	CC	CC	AA	CT	CT
sub-048	subacute	4	M	45	16	1	6	1	GG	CG	GG	GG	TT	CC	GG	CT	GG	AA	GG	AG	CT	CC	CC	GG	CT	AG	AG	AG	AA	TT	CC	CG	CC	CC	AA	CC	TT
sub-049	subacute	6	F	29	15	3	8	1	AA	CC	AA	AA	TT	TT	TT	TT	AA	AG	AG	AG	CT	CC	CG	GG	CT	GG	AG	AG	AA	TT	TT	CG	CC	CC	GG	CC	CT
sub-050	subacute	4	M	41	12	2	8	1	AA	CC	AG	AA	TT	TT	GT	TT	AA	AG	AG	AA	TT	CC	CG	GG	CC	GG	AG	AA	AA	TT	CT	CC	CT	CT	AG	CC	TT
sub-051	subacute	6	F	44	16	3	6	2	AG	CG	AA	AG	TT	CT	GG	CT	AG	AA	GG	AA	TT	CC	GG	GT	CC	AA	AA	AA	AA	TT	CT	GG	CC	CC	GG	CT	TT
sub-052	subacute	6	M	44	18	2	6	1	n/a	n/a	n/a	n/a	n/a	n/a	n/a	n/a	n/a	n/a	n/a	n/a	n/a	n/a	n/a	n/a	n/a	n/a	n/a	n/a	n/a	n/a	n/a	n/a	n/a	n/a	n/a	n/a	n/a
sub-053	subacute	4	M	43	16	3	10	1	AG	CC	AG	AG	AT	CT	TT	TT	AG	GG	GG	AG	TT	CC	CC	GG	CT	AG	GG	GG	AA	TT	CC	CG	CT	CC	AG	CC	CC
sub-054	subacute	4	F	50	12	1	6	1	AG	CG	AG	GG	TT	CC	GT	CT	AG	AA	GG	GG	CT	CC	CC	GG	CT	AG	AG	AG	AA	TT	CC	CC	CC	CT	AG	CC	CT
sub-055	subacute	6	M	52	16	3	8	1	AG	CG	AG	AG	TT	CT	GT	CT	AG	AA	GG	AA	TT	AC	CG	GG	CC	AG	AA	AA	AA	TT	CT	CG	CT	CC	GG	CT	CT
sub-056	subacute	4	M	56	14	2	3	1	AG	CG	AG	GG	TT	CC	TT	CT	AG	GG	AG	GG	TT	CC	CG	GG	CC	GG	GG	AG	AA	TT	CC	CC	CC	CC	AG	CC	CT
sub-057	subacute	4	F	48	11	1	8	7	AG	CC	AG	AG	AT	CT	GT	TT	AG	AA	GG	GG	CC	CC	CC	GG	CT	GG	GG	GG	AA	TT	CC	CC	CC	CC	AG	CC	CT
sub-058	subacute	4	F	51	12	3	3	1	AG	CC	GG	AG	AT	CT	GG	TT	AG	AA	GG	AG	TT	CC	CG	GG	CC	GG	GG	AG	AA	heterozygous	CC	CC	CC	CC	GG	CC	TT
sub-059	subacute	4	F	57	12	2	10	1	AA	CC	AA	AG	TT	CT	TT	TT	AA	AG	AG	AG	n/a	CC	CC	GG	CT	AG	GG	GG	AA	TT	CT	CC	CC	CC	GG	CC	CT
sub-060	subacute	6	M	66	13	1	12	1	AG	CG	AG	AG	TT	CT	TT	CT	AG	AA	GG	AG	TT	CC	CG	GG	TT	GG	AG	AG	AA	heterozygous	CT	GG	CC	CC	GG	CT	CT
sub-061	subacute	4	M	56	15	2	4	1	AG	CG	AG	GG	TT	CC	TT	CT	AG	GG	AA	AG	CT	CC	CC	GG	TT	GG	AA	AA	AA	TT	CC	CG	CC	CT	AG	CC	CT
sub-062	subacute	4	M	49	12	2	3	4	GG	CG	AG	AG	TT	CC	GG	CC	GG	AA	GG	GG	CT	CC	CC	GG	CT	GG	AG	AG	AA	TT	TT	CG	CC	CC	AA	CC	CT
sub-063	subacute	4	F	49	14	1	2	1	GG	CC	GG	GG	TT	CC	TT	TT	AG	AA	GG	GG	CC	CC	CG	GG	CT	GG	GG	GG	AA	TT	CC	n/a	CC	CC	AG	CC	CT
sub-064	subacute	4	M	56	16	3	10	1	n/a	n/a	n/a	n/a	n/a	n/a	n/a	n/a	n/a	n/a	n/a	n/a	n/a	n/a	n/a	n/a	n/a	n/a	n/a	n/a	n/a	n/a	n/a	n/a	n/a	n/a	n/a	n/a	n/a
sub-065	subacute	4	M	31	16	3	7	1	AG	CC	AG	AG	TT	CT	TT	TT	AG	AG	AG	AG	CT	CC	GG	GG	CC	GG	GG	GG	AA	TT	CC	CC	CT	CT	AA	CC	CT
sub-066	subacute	4	M	44	12	1	6.5	1	AG	CC	AG	AG	AT	CT	GG	TT	AG	AA	GG	AA	TT	CC	GG	GG	CT	GG	GG	GG	AA	n/a	CC	CG	CC	CC	AG	CC	TT
sub-067	subacute	4	F	47	12	2	2	1	GG	CG	GG	GG	TT	CC	TT	CT	GG	AG	GG	GG	CT	CC	CC	GG	CT	GG	GG	AG	AA	TT	CC	CC	CC	CC	AA	CC	CC
sub-068	subacute	6	M	63	16	4	10	1	AG	CG	AA	AG	AT	CT	TT	CT	AG	AG	AG	AA	TT	AC	CG	GG	CT	AG	AG	AG	AA	TT	CT	GG	CC	CC	GG	TT	CC
sub-069	subacute	6	F	49	13	5	16	1	GG	GG	GG	GG	TT	CC	TT	CC	GG	AA	GG	GG	TT	CC	CC	GG	CC	AA	AG	AG	AA	heterozygous	CT	GG	CC	CC	GG	CC	CT
sub-070	subacute	4	F	33	18	1	10	1	AG	CC	GG	AG	TT	CT	GT	TT	AG	AA	GG	AG	CT	CC	CG	GG	CT	AG	AG	AG	AA	TT	CC	CC	CC	CC	GG	CC	CT
sub-071	healthy	6	F	44	12	4	n/a	n/a	AG	CG	AA	AG	TT	CT	TT	CT	AG	AA	GG	AG	TT	CC	CG	GG	TT	GG	AA	AA	AG	heterozygous	CC	CG	CC	CC	AG	CT	CT
sub-072	healthy	6	F	42	16	4	n/a	n/a	GG	GG	AG	GG	AT	CC	TT	CC	GG	AA	GG	AG	TT	CC	CG	GG	CC	GG	AG	AG	AG	heterozygous	CT	CG	CC	TT	AA	CC	TT
sub-073	healthy	4	M	46	12	3	n/a	n/a	n/a	n/a	n/a	n/a	n/a	n/a	n/a	n/a	n/a	n/a	n/a	n/a	n/a	n/a	n/a	n/a	n/a	n/a	n/a	n/a	n/a	n/a	n/a	n/a	n/a	n/a	n/a	n/a	n/a
sub-074	healthy	6	M	27	14	3	n/a	n/a	n/a	n/a	n/a	n/a	n/a	n/a	n/a	n/a	n/a	n/a	n/a	n/a	n/a	n/a	n/a	n/a	n/a	n/a	n/a	n/a	n/a	n/a	n/a	n/a	n/a	n/a	n/a	n/a	n/a
sub-075	healthy	4	M	30	15	3	n/a	n/a	AG	CC	GG	GG	TT	CC	GT	TT	AG	AA	GG	AG	TT	CC	CG	GG	CC	GG	AG	AG	AA	TT	CT	CC	CT	CC	GG	CC	CT
sub-076	healthy	4	M	38	10	2	n/a	n/a	n/a	n/a	n/a	n/a	n/a	n/a	n/a	n/a	n/a	n/a	n/a	n/a	n/a	n/a	n/a	n/a	n/a	n/a	n/a	n/a	n/a	n/a	n/a	n/a	n/a	n/a	n/a	n/a	n/a
sub-077	healthy	4	F	53	13.5	2	n/a	n/a	n/a	n/a	n/a	n/a	n/a	n/a	n/a	n/a	n/a	n/a	n/a	n/a	n/a	n/a	n/a	n/a	n/a	n/a	n/a	n/a	n/a	n/a	n/a	n/a	n/a	n/a	n/a	n/a	n/a
sub-078	healthy	6	F	32	13	2	n/a	n/a	AA	CC	AA	AA	TT	TT	TT	TT	AA	GG	AG	AG	CT	AC	GG	GG	CC	AG	AG	AG	AA	TT	CC	CC	CC	CC	GG	CC	TT
sub-079	healthy	6	M	43	18	3	n/a	n/a	n/a	n/a	n/a	n/a	n/a	n/a	n/a	n/a	n/a	n/a	n/a	n/a	n/a	n/a	n/a	n/a	n/a	n/a	n/a	n/a	n/a	n/a	n/a	n/a	n/a	n/a	n/a	n/a	n/a
sub-080	healthy	6	F	45	16	3	n/a	n/a	AG	CG	AG	AG	AT	CT	TT	CT	AG	AA	GG	AA	TT	CC	CG	GG	TT	GG	GG	GG	AA	TT	TT	n/a	CC	CC	AG	CC	CT
sub-081	healthy	1	F	30	14	4	n/a	n/a	n/a	n/a	n/a	n/a	n/a	n/a	n/a	n/a	n/a	n/a	n/a	n/a	n/a	n/a	n/a	n/a	n/a	n/a	n/a	n/a	n/a	n/a	n/a	n/a	n/a	n/a	n/a	n/a	n/a
sub-082	healthy	6	M	32	16	3	n/a	n/a	AA	CC	AA	AA	TT	TT	GT	TT	AA	AG	AG	AA	TT	AC	CG	GG	CT	AG	GG	GG	AA	heterozygous	CT	CG	CC	CT	AG	CC	CT
sub-083	healthy	6	M	29	19	1	n/a	n/a	AG	CG	AA	AG	AT	CT	TT	CT	AG	GG	AA	AG	TT	CC	n/a	GT	CT	AG	GG	GG	AG	TT	CT	CC	CT	CC	GG	CT	TT
sub-084	healthy	4	M	40	18	5	n/a	n/a	n/a	n/a	n/a	n/a	n/a	n/a	n/a	n/a	n/a	n/a	n/a	n/a	n/a	n/a	n/a	n/a	n/a	n/a	n/a	n/a	n/a	n/a	n/a	n/a	n/a	n/a	n/a	n/a	n/a
sub-085	healthy	6	M	46	16	2	n/a	n/a	n/a	n/a	n/a	n/a	n/a	n/a	n/a	n/a	n/a	n/a	n/a	n/a	n/a	n/a	n/a	n/a	n/a	n/a	n/a	n/a	n/a	n/a	n/a	n/a	n/a	n/a	n/a	n/a	n/a
sub-086	healthy	4	F	29	18	3	n/a	n/a	AG	CC	AG	AG	TT	CT	GT	TT	AG	AG	GG	AA	TT	CC	GG	GG	TT	GG	AG	Both	AA	TT	CT	CG	CC	CC	GG	CT	CT
sub-087	healthy	6	M	33	12	3	n/a	n/a	AA	CC	AA	AA	TT	TT	TT	TT	AA	AG	AG	AA	TT	AC	CG	GG	CC	AG	AG	AG	GG	TT	CT	GG	CC	CC	AG	CT	CC
sub-088	healthy	1	M	27	16	3	n/a	n/a	AA	CC	AA	AA	TT	TT	GT	TT	AA	AA	GG	AG	TT	CC	CG	GG	CC	AA	AG	AG	AA	TT	CC	CG	CT	CC	AG	CT	CC
sub-089	healthy	6	F	40	16	4	n/a	n/a	AA	CC	AA	AA	AT	TT	GT	TT	AA	AG	AG	AA	TT	AC	CG	GG	CC	GG	AA	AA	AA	heterozygous	CT	GG	CC	CT	AG	CT	CC
sub-090	healthy	6	M	28	16	2	n/a	n/a	GG	GG	GG	GG	AT	CC	GT	CC	GG	AA	GG	AG	TT	CC	CC	GT	CC	AA	GG	GG	AA	TT	TT	CC	CT	CT	AG	CC	CT
sub-091	healthy	1	F	35	12	3	n/a	n/a	AA	CC	AA	AG	AT	CT	GT	TT	AA	AG	AG	AA	TT	AA	CG	GT	CC	AA	AA	AA	AA	TT	CC	CG	CT	CT	AA	CC	CC
sub-092	healthy	6	F	27	n/a	n/a	n/a	n/a	GG	GG	GG	GG	TT	CC	TT	CC	GG	AA	GG	AG	TT	AC	GG	GG	CT	GG	AG	AG	AA	heterozygous	CT	CC	CC	CC	GG	TT	CC
sub-093	healthy	6	F	34	18	6	n/a	n/a	AG	CG	AA	AG	AT	CT	GT	CT	AG	AA	GG	GG	CT	AC	CC	GT	CC	AA	AG	AG	AA	heterozygous	CC	CG	CT	CT	AG	CC	CT
sub-094	healthy	6	M	48	18	5	n/a	n/a	n/a	n/a	n/a	n/a	n/a	n/a	n/a	n/a	n/a	GG	AA	n/a	n/a	n/a	n/a	n/a	n/a	n/a	AA	n/a	AA	n/a	CC	n/a	n/a	CC	n/a	n/a	n/a
sub-095	healthy	6	F	27	13	4	n/a	n/a	n/a	n/a	n/a	n/a	n/a	n/a	n/a	n/a	n/a	AA	GG	n/a	n/a	n/a	n/a	n/a	n/a	n/a	GG	n/a	AA	n/a	CT	n/a	n/a	CC	n/a	n/a	n/a
sub-096	healthy	4	M	30	14	1	n/a	n/a	n/a	n/a	n/a	n/a	n/a	n/a	n/a	n/a	n/a	GG	AG	n/a	n/a	n/a	n/a	n/a	n/a	n/a	GG	n/a	AA	n/a	CC	n/a	n/a	CC	n/a	n/a	n/a
sub-097	chronic	1	M	44	12	2	n/a	2	n/a	n/a	n/a	n/a	n/a	n/a	n/a	n/a	n/a	n/a	n/a	n/a	n/a	n/a	n/a	n/a	n/a	n/a	n/a	n/a	n/a	n/a	n/a	n/a	n/a	n/a	n/a	n/a	n/a
sub-098	chronic	6	M	35	16	1	n/a	2	AG	CG	AG	GG	TT	CC	TT	CT	AG	AG	AG	GG	TT	CC	CG	GG	TT	GG	GG	GG	AG	TT	CT	CC	CT	CC	GG	CC	CC
sub-099	chronic	6	M	32	6	5	n/a	1 and 3	n/a	n/a	n/a	n/a	n/a	n/a	n/a	n/a	n/a	n/a	n/a	n/a	n/a	n/a	n/a	n/a	n/a	n/a	n/a	n/a	n/a	n/a	n/a	n/a	n/a	n/a	n/a	n/a	n/a
sub-100	chronic	1 and 6	M	41	13	3	n/a	4	n/a	n/a	n/a	n/a	n/a	n/a	n/a	n/a	n/a	n/a	n/a	n/a	n/a	n/a	n/a	n/a	n/a	n/a	n/a	n/a	n/a	n/a	n/a	n/a	n/a	n/a	n/a	n/a	n/a
sub-101	chronic	4	M	47	16	3	n/a	1	GG	CG	AG	GG	AT	CC	GT	CC	GG	AA	GG	AG	CT	CC	CC	GG	CT	GG	AG	AG	AA	TT	CC	CC	CC	CC	AG	CC	CT
sub-102	chronic	4	F	37	18	2	n/a	7	AG	CC	AG	GG	TT	CC	GT	TT	AG	AA	GG	GG	CC	CC	GG	GG	CT	GG	GG	GG	AA	TT	CC	CG	CC	CC	AG	CT	TT
sub-103	chronic	6	F	55	16	2	n/a	1	AA	CC	AG	AG	AT	CT	TT	TT	AA	AG	AG	AG	TT	CC	CC	GT	CC	AA	GG	AG	AG	TT	CT	CG	CT	CC	AA	CC	CC
sub-104	chronic	6	M	44	14	2	n/a	2	n/a	n/a	n/a	n/a	n/a	n/a	n/a	n/a	n/a	n/a	n/a	n/a	n/a	n/a	n/a	n/a	n/a	n/a	n/a	n/a	n/a	n/a	n/a	n/a	n/a	n/a	n/a	n/a	n/a
sub-105	chronic	6	M	43	16	1	n/a	7	n/a	n/a	n/a	n/a	n/a	n/a	n/a	n/a	n/a	n/a	n/a	n/a	n/a	n/a	n/a	n/a	n/a	n/a	n/a	n/a	n/a	n/a	n/a	n/a	n/a	n/a	n/a	n/a	n/a
sub-106	chronic	6	M	46	12	5	n/a	2	AG	CG	AG	AG	TT	CT	TT	CT	AG	AG	AG	AA	TT	n/a	CG	GG	CT	AG	GG	GG	AG	TT	CC	GG	CC	CC	AG	CC	CT
sub-107	chronic	4	M	49	13	1	n/a	2	AG	CC	GG	GG	TT	CC	TT	TT	AG	AG	GG	AG	TT	CC	CC	GG	TT	GG	AG	AG	AA	TT	CC	CC	CT	CT	AG	CC	TT
sub-108	chronic	4	M	47	14	3	n/a	1	GG	CG	GG	GG	TT	CC	GT	CT	GG	AA	GG	AG	TT	CC	CG	GG	CT	GG	GG	AA	AA	TT	TT	CC	CC	CC	AG	CC	TT
sub-109	chronic	4	M	57	14	2	n/a	5	AG	CC	AG	AG	AT	CC	TT	CT	AG	GG	AG	GG	CT	CC	CC	GG	CT	GG	AG	AG	AA	TT	CC	CG	CC	CT	AA	CC	TT
sub-110	chronic	4	M	51	12	1	n/a	2	GG	GG	AG	GG	TT	CC	TT	CT	AG	GG	AA	AG	CT	CC	CC	GG	CT	GG	GG	AG	AA	TT	CT	CC	CT	CC	AG	CC	CT
sub-111	chronic	6	M	38	12	2	n/a	2	AA	CC	AA	AA	TT	TT	TT	TT	AA	GG	AA	AA	TT	AC	CC	GG	CT	AG	GG	GG	AA	TT	TT	GG	CC	CC	GG	CT	TT
sub-112	chronic	1	F	50	12	3	n/a	7	AA	CC	AG	AG	AA	CT	GG	TT	n/a	AA	GG	GG	TT	CC	CC	GG	CC	n/a	GG	GG	AA	TT	CC	CG	CT	CT	AG	CC	CC
sub-113	chronic	6	F	40	14	3	n/a	1	AG	CG	AG	AG	TT	CT	GT	CT	AG	AG	AG	GG	TT	CC	GG	GT	CT	AG	AG	AG	AA	TT	TT	CC	CC	CC	AA	CT	CT
sub-114	chronic	4	F	48	14	2	n/a	1	GG	GG	AG	GG	TT	CC	GT	CC	GG	AA	GG	AA	TT	CC	CG	GT	CC	AA	GG	GG	AA	TT	CC	CC	TT	CC	AA	CC	TT
sub-115	chronic	4	M	52	16	3	n/a	4	GG	CC	GG	GG	TT	CC	GT	TT	GG	AA	GG	AG	CT	CC	CC	GG	CT	GG	AG	AA	AA	TT	CC	CG	CC	CC	AG	CC	TT
sub-116	chronic	6	F	52	15	2	n/a	1	AG	CC	AG	AG	TT	CT	GT	TT	AG	AG	AG	AG	TT	CC	CG	GT	CC	AA	AG	AG	AA	TT	TT	CG	CT	CC	AG	CC	CC
sub-117	chronic	4	M	50	10	1	n/a	2	AG	CG	GG	AG	TT	CT	GT	CT	AG	AA	GG	AG	TT	CC	CG	GG	TT	GG	AG	AG	AA	TT	CC	CG	CC	CC	AG	CC	CT
sub-118	chronic	4	M	48	15	3	n/a	2	AG	CG	GG	GG	AA	CC	GT	CT	AG	AG	AG	GG	CT	CC	CC	GG	TT	GG	GG	AG	AA	TT	CC	CC	CT	TT	AA	CC	CC
sub-119	chronic	4	F	40	15	2	n/a	1	GG	CC	GG	GG	AT	CC	TT	TT	GG	AG	GG	GG	CC	CC	CG	GG	n/a	GG	GG	GG	AA	TT	CT	CC	CC	CC	AG	CC	TT
sub-120	chronic	6	F	47	16	1	n/a	2	AG	CG	GG	GG	TT	CC	TT	CT	AG	AA	GG	GG	CT	CC	CG	GT	CT	AG	AG	AG	AA	heterozygous	CT	GG	CC	CT	AG	CC	CT
sub-121	chronic	1	F	21	12	1	n/a	1	AG	CG	AG	AG	TT	CT	GT	CT	AG	AG	AG	AG	TT	AC	CG	GG	CC	AG	GG	AG	AA	heterozygous	CC	GG	CC	CC	AG	CC	TT
sub-122	chronic	3	F	54	18	3	n/a	1	AA	CC	AG	AG	TT	CC	TT	CT	AG	AG	AG	AA	TT	CC	GG	GG	CT	GG	GG	AG	AG	TT	CT	GG	CC	CC	GG	CT	CT
